Dũng		Nguyễn Công Dũng - 20002111
Nam		Đỗ Phương Nam-20002145
danh		nguyen truong danh 20002110
đức		trần quốc đức 20002117
MinhTuan		Do_Minh_Tuan_20002175
HảiPhong		Hồ Hải Phong 20002149
Sơn		Khuất Đăng Sơn - 20002159
hai		nguyen dinh hai 20002122
Minh		Tran ANh Minh 20002144
Khang		Trần Quốc Khang 20002138
Van		Le_Sy_Van_20002178
TiếnAnh		Phạm Tiến Anh-20002106
Vương		Nguyễn Triệu Vương - 20002182
Kiên		Nguyễn Đình Trung Kiên-20002141
Quang		Nguyễn Đình Quang - 20002155
Hau		Phung_Phuc_Hau_20002123
Hiếu		Hoàng Hữu Hiếu_20002125
Tài		Phạm Xuân Tài - 20002161
TuấnAnh		Nguyễn Xuân Tuấn Anh - 20002105
Tuấn		Nguyễn ANh Tuấn_20002176
ThếPhong		Nguyễn Thế Phong 20002150
Trưởng		Nguyễn Trọng Trưởng - 20002172
Kiên		Nguyễn Bá Kiên 20002140
Thành		Bùi Ngọc Thành - 20002165
Trung		Nguyễn Mạnh Trung - 20002171
hùng		Nguyễn văn hùng - 20002130
Huy		Nguyễn Quang Huy-20002133
Thịnh		Dương Đức Thịnh-20002166
